{"mean": 109719.3975221239, "scale": 1443.169753167473}